{
    "action": 5.0,
    "activity": 5.0,
    "address": 8.519734505477064,
    "addressing": 5.0,
    "advisory": 6.0,
    "age": 6.121320343559642,
    "aid": 7.242838263003568,
    "aligning": 6.0,
    "alignment": 6.0,
    "amount": 5.0,
    "angular": 6.0,
    "anomaly": 6.0,
    "antilocalisation": 5.0,
    "antipatronage": 5.0,
    "appointment": 5.0,
    "appraise": 8.0,
    "appraisee": 5.0,
    "appreciate": 8.0,
    "apprise": 6.0,
    "apprize": 5.0,
    "aquaplane": 6.0,
    "area": 7.0,
    "arrangement": 6.0,
    "arranging": 5.0,
    "artifact": 6.0,
    "assess": 8.0,
    "assist": 7.1407005587925765,
    "assistance": 9.291502622129181,
    "audition": 5.0,
    "avail": 8.0,
    "award": 6.0,
    "backing": 6.0,
    "bank": 6.742261840160418,
    "bar": 9.0,
    "bathing": 7.464101615137754,
    "bathroom": 7.82842712474619,
    "bed": 7.914077158156186,
    "benefact": 6.0,
    "benefice": 5.0,
    "better": 6.0,
    "bible": 7.82842712474619,
    "billet": 6.0,
    "bird's": 6.0,
    "board": 5.0,
    "book": 6.0,
    "bowl": 6.0,
    "brain": 5.0,
    "break": 6.20454076850486,
    "building": 7.0,
    "business": 8.0,
    "businesslike": 6.0,
    "byplay": 8.0,
    "camp": 4.105,
    "care": 6.0,
    "carpeting": 8.47213595499958,
    "cat": 8.0,
    "category": 6.0,
    "cell": 8.680170937049201,
    "cent": 7.345444664017028,
    "center": 6.0,
    "cephalometer": 5.0,
    "cerebral": 5.0,
    "chair": 6.82842712474619,
    "chalk": 6.438031993227324,
    "charge": 6.0,
    "checkin": 8.0,
    "church": 6.0,
    "class": 9.576737397439475,
    "cleaning": 6.0,
    "cleanliness": 8.0,
    "cleanness": 5.0,
    "clientele": 6.0,
    "closet": 6.82842712474619,
    "closing": 5.0,
    "clothes": 6.0,
    "coast": 7.994996871087636,
    "cobol": 6.0,
    "collybistin": 5.0,
    "colocalisation": 5.0,
    "commandership": 6.0,
    "commercial": 6.0,
    "company": 10.424017434596516,
    "computer": 6.0,
    "concern": 8.0,
    "concierge": 9.0,
    "condescension": 6.0,
    "conference": 6.0,
    "container": 6.0,
    "control": 6.0,
    "corporation": 6.740072991728505,
    "cost": 8.853452379492353,
    "councillorship": 6.0,
    "coupling": 6.0,
    "court": 6.253885533916929,
    "crisscross": 6.0,
    "critic": 5.0,
    "crossplay": 5.0,
    "cultivate": 6.0,
    "curacy": 6.0,
    "data": 6.0,
    "deathrate": 6.0,
    "deceleration": 6.0,
    "deference": 6.0,
    "degree": 7.92071422064909,
    "delivery": 5.0,
    "delocalisation": 5.0,
    "deposition": 5.0,
    "descender": 6.0,
    "desk": 8.464101615137753,
    "detail": 6.0,
    "determination": 6.0,
    "dining": 6.31948270094864,
    "dirt": 6.0,
    "discipleship": 6.0,
    "disrespect": 6.0,
    "distance": 6.655560204551951,
    "dollar": 6.076535576386785,
    "door": 6.763331322878239,
    "doorway": 6.0,
    "draft": 6.0,
    "drop": 5.0,
    "duration": 6.0,
    "duty": 6.530612574061861,
    "earl": 5.0,
    "earth": 6.0,
    "east": 6.0,
    "echolocation": 6.0,
    "economic": 6.0,
    "edge": 6.272443618662518,
    "effect": 6.0,
    "electrical": 5.0,
    "electrolocating": 5.0,
    "electromagnetic": 6.0,
    "elevator": 7.82842712474619,
    "emplacement": 8.0,
    "employ": 7.672056644443274,
    "employment": 6.178990591994376,
    "encourage": 5.0,
    "enterprise": 6.0,
    "erythrocyte": 6.0,
    "esteem": 8.0,
    "estimate": 6.0,
    "evaluate": 8.0,
    "eversion": 6.0,
    "eye": 6.0,
    "fan": 6.0,
    "farm": 7.375796202379522,
    "farmer": 7.9181628347989825,
    "farming": 6.0,
    "fastidiousness": 6.0,
    "find": 4.415,
    "finish": 6.021880312976018,
    "fix": 6.0,
    "fixed": 5.0,
    "flat": 8.580829619184717,
    "float": 6.0,
    "floor": 7.9084523791393435,
    "flow": 6.0,
    "fly": 5.0,
    "four": 7.84915575159021,
    "front": 8.464101615137753,
    "frothy": 5.0,
    "fuel": 5.0,
    "fueling": 5.0,
    "function": 6.0,
    "furniture": 8.0,
    "gallon": 7.127299154222378,
    "game": 7.959292866156783,
    "games": 6.025833161936095,
    "gasfitting": 5.0,
    "gem": 6.0,
    "geology": 5.0,
    "give": 9.291502622129181,
    "giving": 7.464101615137754,
    "godliness": 6.0,
    "going": 5.0,
    "good": 6.0,
    "grey": 5.0,
    "growth": 6.0,
    "guideline": 6.0,
    "gun": 6.0,
    "gymnasium": 6.0,
    "habit": 6.0,
    "hall": 8.546647116282504,
    "handle": 6.82842712474619,
    "help": 6.0,
    "helping": 6.0,
    "hemline": 6.0,
    "hole": 6.0,
    "honor": 7.2341923257592455,
    "horeca": 7.0,
    "horizon": 5.0,
    "hostel": 7.0,
    "hotel": 10.0,
    "house": 12.981981963909746,
    "housework": 7.464101615137754,
    "human": 7.0,
    "hygiene": 5.104,
    "ice": 5.0,
    "iced": 5.0,
    "igneous": 5.0,
    "illustrate": 5.0,
    "immunolocalisation": 5.0,
    "inch": 7.113197712963313,
    "inclusion": 5.0,
    "indefinite": 6.0,
    "inhabit": 6.0,
    "inn": 7.6076809620810595,
    "inside": 6.5868900247208035,
    "installation": 6.0,
    "interim": 6.0,
    "internationalization": 5.0,
    "interview": 9.02951289887997,
    "introject": 6.0,
    "jackpot": 6.0,
    "job": 8.0,
    "judge": 6.0,
    "juxtaposition": 6.0,
    "keeping": 6.0,
    "knight's": 6.0,
    "knot": 6.0,
    "l10n": 6.0,
    "laundromat": 5.0,
    "letter": 6.0,
    "librarianship": 6.0,
    "lie": 6.0,
    "lightness": 6.0,
    "line": 8.0,
    "living": 8.857571409665534,
    "localisation": 6.0,
    "localization": 8.0,
    "locate": 5.0,
    "located": 5.0,
    "locating": 6.0,
    "location": 8.0,
    "lumber": 6.660075186907317,
    "maintenance": 5.0,
    "map": 5.0,
    "mapping": 5.0,
    "marginality": 6.0,
    "mass": 7.036445290137795,
    "mayoralty": 6.0,
    "measure": 8.0,
    "measuringly": 5.0,
    "mechanism": 6.0,
    "mend": 7.531005522510549,
    "micropositioning": 5.0,
    "middle": 6.18723569831877,
    "mile": 6.422395508582362,
    "military": 6.0,
    "minibar": 8.464101615137753,
    "minute": 6.754632461872182,
    "misalignment": 6.0,
    "mislocalisation": 5.0,
    "mispositioning": 5.0,
    "modernise": 6.0,
    "mommy": 6.0,
    "monetary": 6.0,
    "money": 7.29727159936818,
    "mooring": 6.0,
    "mortarboard": 6.0,
    "mounting": 5.0,
    "muddle": 6.0,
    "nanopositioning": 5.0,
    "next": 6.0,
    "nomenklatura": 6.0,
    "nonserving": 5.0,
    "northeast": 6.0,
    "object": 6.0,
    "occupation": 8.0,
    "office": 7.730415526452784,
    "officer": 5.0,
    "on/off": 6.82842712474619,
    "onstage": 5.0,
    "order": 6.0,
    "orderly": 6.0,
    "ore": 5.0,
    "orienting": 6.0,
    "outer": 6.0,
    "outside": 5.0,
    "overhaul": 8.0,
    "painter": 6.0,
    "panscan": 5.0,
    "parameter": 6.0,
    "parlor": 6.0,
    "part": 7.2068676305703665,
    "pass": 6.0,
    "patronage": 8.0,
    "patronize": 6.0,
    "pension": 5.0,
    "people": 6.0,
    "performance": 5.0,
    "period": 6.0,
    "permanent": 5.0,
    "person": 6.82842712474619,
    "perspective": 6.0,
    "pickle": 6.0,
    "piece": 6.615339366124404,
    "pillbox": 5.0,
    "pitcher": 6.0,
    "place": 9.47213595499958,
    "placement": 8.0,
    "placing": 5.0,
    "plank": 9.78964593045205,
    "planting": 6.0,
    "plate": 8.17324813544558,
    "play": 5.0,
    "points": 6.699629604223514,
    "politics": 6.0,
    "position": 8.0,
    "positioning": 8.0,
    "premium": 6.0,
    "preposition": 5.0,
    "presentation": 5.0,
    "price": 10.096884450274583,
    "principalship": 6.0,
    "prise": 8.0,
    "priser": 5.0,
    "prize": 6.0,
    "profit": 8.44432222054162,
    "proposals": 6.82842712474619,
    "proprietorship": 6.82842712474619,
    "protect": 5.0,
    "provide": 6.0,
    "pry": 6.0,
    "putting": 5.0,
    "quality": 6.282980508020163,
    "quantity": 6.0,
    "radiation": 6.0,
    "radiolocation": 5.0,
    "rail": 6.0,
    "railroad": 6.0,
    "rank": 6.404163056034262,
    "rate": 8.0,
    "ready": 6.0,
    "reappraise": 5.0,
    "rearrangement": 5.0,
    "reception": 7.82842712474619,