{
    "1000": 1.0,
    "3": 1.0,
    "accelerator": 2.0,
    "action": 4.48241006602475,
    "activity": 2.419917353960667,
    "adjust": 2.0,
    "age": 3.8110366043899395,
    "agenda": 2.0,
    "aggravation": 2.0,
    "aggregate": 2.0,
    "ago": 3.6518488468171846,
    "airfare": 2.0,
    "airlift": 2.0,
    "akanbe": 1.0,
    "alarm": 2.0,
    "along": 1.0,
    "always": 5.628498911788116,
    "ammeter": 2.0,
    "analog": 2.0,
    "annoy": 2.0,
    "annoying": 1.0,
    "apart": 2.0,
    "approach": 2.0,
    "around": 2.0,
    "arrive": 2.289978165834775,
    "arse": 1.0,
    "assail": 2.0,
    "atlantic": 2.0,
    "attach": 2.0,
    "attend": 5.656854249492381,
    "attending": 2.0,
    "attention": 2.82842712474619,
    "atwite": 1.0,
    "automobile": 2.0,
    "baby-sit": 2.0,
    "bacalaito": 1.0,
    "backing": 2.0,
    "badminton": 2.0,
    "bait": 1.0,
    "ballyrag": 1.0,
    "banger": 1.0,
    "bass": 2.0,
    "bath": 2.0,
    "berk": 1.0,
    "bicycle": 2.0,
    "big": 2.2405356502408083,
    "bike": 2.0,
    "bill": 2.0,
    "black": 1.0,
    "blame": 1.0,
    "blow": 2.0,
    "blue": 1.0,
    "board": 1.0,
    "boat": 3.109983922788026,
    "boo": 2.0,
    "break": 2.0,
    "bulldog": 2.0,
    "bulletin": 1.0,
    "bullyrag": 1.0,
    "burbot": 2.0,
    "bus": 2.0,
    "busman": 2.0,
    "cab": 2.0,
    "cabinet": 1.0,
    "cadence": 2.0,
    "call": 2.0,
    "car": 10.47186707325871,
    "card": 1.0,
    "carpet": 2.0,
    "carry": 2.0,
    "cars": 3.95676635650881,
    "carte": 2.0,
    "cartridge": 2.0,
    "catch": 2.0,
    "cause": 2.0,
    "centimetre": 1.0,
    "century": 5.167591315109971,
    "chair": 5.279393904606853,
    "change": 2.0,
    "charge": 2.0,
    "chariot": 2.0,
    "charioteer": 2.0,
    "chatters": 1.0,
    "chauffeur": 2.0,
    "chiack": 1.0,
    "chow": 2.0,
    "chronometer": 2.0,
    "chum": 2.0,
    "clause": 2.0,
    "climb": 2.0,
    "clip": 8.0,
    "clock": 8.0,
    "clocks": 4.0639881889592155,
    "cloth": 2.0,
    "club": 2.82842712474619,
    "coach": 1.0,
    "coachman": 2.0,
    "cod": 10.0,
    "codfish": 2.0,
    "codlike": 1.0,
    "codling": 2.0,
    "codology": 1.0,
    "cody": 1.0,
    "coerce": 2.0,
    "collect": 2.0,
    "come": 8.0,
    "come-on": 2.0,
    "commerce": 2.0,
    "commercial": 2.0,
    "compact": 2.0,
    "complex": 2.0,
    "compound": 2.0,
    "computer": 2.0,
    "computing": 1.0,
    "concept": 4.0,
    "condemn": 2.0,
    "connection": 2.0,
    "constituent": 2.0,
    "convalescence": 2.0,
    "convene": 2.0,
    "conveyance": 2.0,
    "convict": 2.0,
    "conviction": 2.0,
    "copulate": 2.0,
    "crawler": 2.0,
    "cubic": 1.0,
    "cuckoo": 2.0,
    "cultus": 1.0,
    "cured": 1.0,
    "curtail": 2.0,
    "cut": 2.0,
    "dance": 1.0,
    "day": 2.0,
    "decameter": 2.0,
    "decimeter": 2.0,
    "decimetre": 1.0,
    "declarative": 2.0,
    "declare": 2.0,
    "decoy": 2.0,
    "deed": 2.0,
    "delivery": 2.0,
    "depend": 2.0,
    "designated": 2.0,
    "desirable": 1.0,
    "device": 2.0,
    "diet": 2.0,
    "dietary": 2.0,
    "digital": 2.0,
    "dimension": 2.5424397731313126,
    "do": 8.0,
    "doom": 2.0,
    "dory": 1.0,
    "dost": 2.0,
    "dress": 2.0,
    "drive": 2.0,
    "driver": 8.0,
    "drop-down": 2.0,
    "du": 2.0,
    "e": 1.0,
    "eastern": 1.0,
    "eat": 2.0,
    "electric": 2.0,
    "emanate": 2.0,
    "en": 1.0,
    "end": 2.0,
    "enterprise": 2.0,
    "entice": 2.0,
    "entwite": 1.0,
    "evening": 6.497384089000741,
    "exchange": 2.0,
    "exile": 2.0,
    "express": 2.0,
    "face": 2.187235698318771,
    "fall": 2.0,
    "fan": 1.0,
    "fansipan": 1.0,
    "fare": 8.0,
    "faux": 1.0,
    "ferris": 2.0,
    "ferry": 2.0,
    "fish": 2.0,
    "fisherman's": 2.0,
    "fishing": 2.0,
    "fix": 2.0,
    "fixe": 2.0,
    "flirt": 2.0,
    "flowing": 1.0,
    "fluxmeter": 2.0,
    "folding": 3.4641016151377544,
    "food": 2.0,
    "foolish": 1.0,
    "foot": 2.0,
    "foredoom": 2.0,
    "forehand": 2.0,
    "fourth": 2.0,
    "freight": 2.0,
    "freshwater": 1.0,
    "fucktwit": 1.0,
    "fun": 1.0,
    "fusee": 2.0,
    "gadic": 1.0,
    "gadoid": 2.0,
    "gallop": 2.0,
    "game": 2.0,
    "gathering": 2.0,
    "gauge": 1.0,
    "get": 1.0,
    "gibe": 1.0,
    "gigametre": 1.0,
    "go": 2.82842712474619,
    "going": 2.0,
    "golfer": 2.0,
    "gravity": 1.0,
    "ground": 2.0,
    "group": 2.0,
    "gull": 2.0,
    "haddock": 1.0,
    "hail": 2.0,
    "hair": 2.0,
    "hand": 1.0,
    "hands": 3.2869438693108224,
    "happen": 2.0,
    "harassment": 2.0,
    "hauling": 2.0,
    "heckle": 1.0,
    "hectorly": 1.0,
    "helping": 2.82842712474619,
    "hexameter": 1.0,
    "highway": 2.82842712474619,
    "hog": 2.0,
    "holder": 2.0,
    "hook": 2.0,
    "hop": 2.0,
    "horn": 2.0,
    "horse": 2.0,
    "hote": 2.0,
    "hour": 9.033936019255394,
    "hours": 5.941380311005179,
    "ignore": 1.0,
    "inanely": 1.0,
    "initiate": 2.0,
    "inshore": 1.0,
    "instrument": 2.0,
    "integument": 1.0,
    "internal": 2.0,
    "interstate": 2.82842712474619,
    "jeer": 1.0,
    "jewelry": 2.0,
    "jibingly": 1.0,
    "joke": 2.0,
    "jour": 2.0,
    "journey": 2.0,
    "joyride": 2.0,
    "juices": 1.0,
    "kerb": 2.0,
    "kid": 2.0,
    "killfile": 1.0,
    "kingdom": 2.0,
    "knowledge": 2.0,
    "la": 2.0,
    "lake": 2.82842712474619,
    "law": 2.0,
    "league": 1.0,
    "lecture": 5.656854249492381,
    "license": 3.4641016151377544,
    "lighterage": 2.0,
    "line": 2.82842712474619,
    "linear": 1.0,
    "list": 2.0,
    "liver": 1.0,
    "loosen": 2.0,
    "lounge": 2.0,
    "lowball": 1.0,
    "lunch": 2.82842712474619,
    "lure": 2.0,
    "lutefisk": 1.0,
    "magnetometer": 2.0,
    "mahout": 2.0,
    "make": 1.0,
    "mall": 2.82842712474619,
    "mammal": 2.0,
    "man": 1.0,
    "mass": 2.0,
    "mean": 2.0,
    "measure": 3.5743530883224164,
    "measurement": 4.369897023958345,
    "measures": 2.1410277905716217,
    "measuring": 2.0,
    "meeting": 2.0,
    "menu": 2.0,
    "meter": 8.0,
    "metre": 8.0,
    "metric": 2.0,
    "metrical": 2.0,
    "metrication": 1.0,
    "mining": 2.0,
    "minute": 9.521134386195797,
    "minutes": 6.059372904847498,
    "mock": 1.0,
    "mocking": 1.0,
    "model": 2.0,
    "moment": 2.9806039656418637,
    "money": 2.82842712474619,
    "month": 5.391845695121476,
    "moppet": 1.0,
    "morning": 6.655524021442638,
    "motorcycle": 2.0,
    "motorist": 2.0,
    "mount": 2.0,
    "mountain": 2.0,
    "mountest": 1.0,
    "move": 1.0,
    "movement": 2.4388521890430344,
    "movie": 3.4641016151377544,
    "moving": 2.740072991728505,
    "music": 2.0,
    "muster": 2.0,
    "nautical": 1.0,
    "navigation": 2.0,
    "neener": 1.0,
    "new": 1.0,
    "newfoundland": 1.0,
    "newspaper": 2.82842712474619,
    "night": 2.001999000998751,
    "nip": 2.0,
    "noun": 2.82842712474619,
    "odometer": 2.0,
    "offering": 1.0,
    "ogac": 1.0,
    "oil": 1.0,
    "on-line": 2.0,
    "one's": 1.0,
    "operate": 2.523489647294001,
    "operator": 2.0,
    "organize": 2.0,
    "outride": 2.0,
    "override": 2.0,
    "owner-driver": 2.0,
    "pacific": 2.0,
    "paper": 2.0,
    "party": 2.6183964558485027,
    "passenger": 2.0,
    "passing": 2.5892083732291624,
    "past": 2.3849528297222147,
    "pave": 2.0,
    "pay": 2.82842712474619,
    "pelagic": 1.0,
    "pendulum": 2.0,
    "people": 2.0,
    "pep": 2.0,
    "period": 2.82842712474619,
    "person": 2.0,
    "pester": 2.0,
    "pickup": 2.0,
    "picometre": 1.0,
    "piece": 2.0,
    "pigeon": 2.0,
    "pine-tar": 2.0,
    "plague": 1.0,
    "play": 2.0,
    "playing": 2.0,
    "pod": 2.0,
    "poetic": 2.0,
    "poker": 1.0,
    "poncelet": 1.0,
    "postage": 2.0,
    "practical": 2.0,
    "prance": 2.0,
    "precious": 2.0,
    "present": 2.2045407685048604,
    "prison": 2.0,
    "prix": 2.0,
    "program": 2.0,
    "propel": 2.0,
    "protest": 3.0046630426721723,